club_name,club_short_name,founded_year,club_city,country,latitude,longitude,fmi_club_id,tm_club_id,stadium_name,stadium_city,stadium_capacity,season_id,season_label,ws_club,real_club,loaned_from,squad_status,fm_unique_id,tm_player_id,tm_url,fmi_url,sofifa_id,sofifa_url,first_name,last_name,display_name,date_of_birth,height_cm,preferred_foot,primary_nationality,nationalities,tm_market_value_eur,hp_positions,np_positions,position_method,fmi_rating,fmi_potential,fmi_pace,fmi_stamina,fmi_strength,fmi_technique,fmi_dribbling,fmi_passing,fmi_crossing,fmi_tackling,fmi_positioning,fmi_finishing,fmi_heading,fmi_vision,fmi_teamwork,fmi_corners,fmi_free_kick_taking,fmi_penalty_taking,fmi_gk_reflexes,fmi_gk_handling,fmi_gk_one_on_ones,fmi_gk_positioning,fmi_gk_passing,sofifa_rating,sofifa_potential,sofifa_pace,sofifa_stamina,sofifa_strength,sofifa_dribbling,sofifa_short_passing,sofifa_long_passing,sofifa_crossing,sofifa_finishing,sofifa_heading,sofifa_standing_tackle,sofifa_defensive_awareness,sofifa_vision,sofifa_free_kick,sofifa_penalties,sofifa_gk_reflexes,sofifa_gk_handling,sofifa_gk_positioning,sofifa_gk_passing,fmi_source_version,sofifa_source_version,data_status,validation_warning
Hamburger SV,HSV,1887,Hamburg,Deutschland,53.587222,9.898611,947,41,Volksparkstadion,Hamburg,57000,2025,2025/26,Hamburger SV,Hamburger SV,,first_team,2000312010,1048715,https://www.transfermarkt.de/-/profil/spieler/1048715,https://fminside.net/players/7-fm-26/2000312010-fernando-dickes,77589,https://sofifa.com/player/77589/,Fernando,Dickes,Fernando Dickes,2007-10-13,193,links,Deutschland,Deutschland,300000,TW,,aktuelles TM-/CMTracker-Profil; HP/NP-Profilfallback,43,,,,,,,,,,,,,,,,,,65,,,,,57,77,60,25,56,,,,,,,,,,,,59,56,52,55,FMInside – FM26/FM26.2 aktuell am 2026-06-17,CMTracker/EA FC26 – aktuelle Ergänzung 2026-06-17,import_ready,Aktuelle Quelle enthält nicht alle vereinbarten Rohattribute; fehlende Werte bleiben leer/NULL.
Hamburger SV,HSV,1887,Hamburg,Deutschland,53.587222,9.898611,947,41,Volksparkstadion,Hamburg,57000,2025,2025/26,Hamburger SV,Hamburger SV,,first_team,91013663,84993,https://www.transfermarkt.de/-/profil/spieler/84993,https://fminside.net/players/7-fm-26/91013663-daniel-heuer-fernandes,212197,https://sofifa.com/player/212197/,Daniel,Heuer Fernandes,Daniel Heuer Fernandes,1992-11-13,188,rechts,Portugal,Portugal|Deutschland,1200000,TW,,aktuelles TM-/CMTracker-Profil; HP/NP-Profilfallback,66,68,,,,,,,,,,,,,,,,,80,60,80,65,65,78,78,41,40,69,20,48,56,8,11,10,15,12,50,12,19,78,75,78,84,FMInside – FM26/FM26.2 aktuell am 2026-06-17,CMTracker/EA FC26 – Upload 2026-06-17,import_ready,Aktuelle Quelle enthält nicht alle vereinbarten Rohattribute; fehlende Werte bleiben leer/NULL.
Hamburger SV,HSV,1887,Hamburg,Deutschland,53.587222,9.898611,947,41,Volksparkstadion,Hamburg,57000,2025,2025/26,Hamburger SV,Hamburger SV,,first_team,53165570,549378,https://www.transfermarkt.de/-/profil/spieler/549378,https://fminside.net/players/7-fm-26/53165570-sander-tangvik,257568,https://sofifa.com/player/257568/,Sander,Tangvik,Sander Tangvik,2002-11-29,193,rechts,Norway,Norway,3000000,TW,,aktuelles TM-/CMTracker-Profil; HP/NP-Profilfallback,59,72,,,,,,,,,,,,,,,,,80,70,55,65,65,70,79,57,26,61,17,32,35,16,12,12,15,15,58,16,18,70,66,68,68,FMInside – FM26/FM26.2 aktuell am 2026-06-17,CMTracker/EA FC26 – Upload 2026-06-17,import_ready,Aktuelle Quelle enthält nicht alle vereinbarten Rohattribute; fehlende Werte bleiben leer/NULL.
Hamburger SV,HSV,1887,Hamburg,Deutschland,53.587222,9.898611,947,41,Volksparkstadion,Hamburg,57000,2025,2025/26,Hamburger SV,Hamburger SV,Tottenham Hotspur,loaned_in,2000262919,892160,https://www.transfermarkt.de/-/profil/spieler/892160,https://fminside.net/players/7-fm-26/2000262919-luka-vukovi,275192,https://sofifa.com/player/275192/,Luka,Vušković,Luka Vušković,2007-02-24,193,rechts,Croatia,Croatia,60000000,IV,,aktuelles TM-/CMTracker-Profil; HP/NP-Profilfallback,70,,55,60,80,60,60,60,45,60,75,55,80,55,65,30,65,65,,,,,,78,88,59,69,85,64,78,75,38,61,85,81,76,55,53,53,12,11,13,7,FMInside – FM26/FM26.2 aktuell am 2026-06-17,CMTracker/EA FC26 – Upload 2026-06-17,import_ready,Aktuelle Quelle enthält nicht alle vereinbarten Rohattribute; fehlende Werte bleiben leer/NULL.
Hamburger SV,HSV,1887,Hamburg,Deutschland,53.587222,9.898611,947,41,Volksparkstadion,Hamburg,57000,2025,2025/26,Hamburger SV,Hamburger SV,,first_team,91137260,227110,https://www.transfermarkt.de/-/profil/spieler/227110,https://fminside.net/players/7-fm-26/91137260-jordan-torunarigha,236947,https://sofifa.com/player/236947/,Jordan,Torunarigha,Jordan Torunarigha,1997-08-07,191,links,Nigeria,Nigeria|Deutschland,4000000,IV,,aktuelles TM-/CMTracker-Profil; HP/NP-Profilfallback,63,65,75,55,75,60,60,60,50,75,60,35,65,60,55,15,20,55,,,,,,74,74,82,72,89,60,71,71,56,42,76,73,71,54,25,66,11,7,5,13,FMInside – FM26/FM26.2 aktuell am 2026-06-17,CMTracker/EA FC26 – Upload 2026-06-17,import_ready,Aktuelle Quelle enthält nicht alle vereinbarten Rohattribute; fehlende Werte bleiben leer/NULL.
Hamburger SV,HSV,1887,Hamburg,Deutschland,53.587222,9.898611,947,41,Volksparkstadion,Hamburg,57000,2025,2025/26,Hamburger SV,Hamburger SV,,first_team,49037825,711996,https://www.transfermarkt.de/-/profil/spieler/711996,https://fminside.net/players/7-fm-26/49037825-warmed-omari,256854,https://sofifa.com/player/256854/,Warmed,Omari,Warmed Omari,2000-04-23,188,rechts,Comoros,Comoros|Frankreich,4000000,IV,,aktuelles TM-/CMTracker-Profil; HP/NP-Profilfallback,63,68,75,55,70,60,50,65,35,65,65,30,60,65,65,25,30,55,,,,,,72,76,60,63,77,59,71,62,44,25,73,74,71,51,32,41,14,7,10,13,FMInside – FM26/FM26.2 aktuell am 2026-06-17,CMTracker/EA FC26 – Upload 2026-06-17,import_ready,Aktuelle Quelle enthält nicht alle vereinbarten Rohattribute; fehlende Werte bleiben leer/NULL.
Hamburger SV,HSV,1887,Hamburg,Deutschland,53.587222,9.898611,947,41,Volksparkstadion,Hamburg,57000,2025,2025/26,Hamburger SV,Hamburger SV,Shakhtar Donetsk,loaned_in,59138495,540056,https://www.transfermarkt.de/-/profil/spieler/540056,https://fminside.net/players/7-fm-26/59138495-giorgi-gocholeishvili,274722,https://sofifa.com/player/274722/,Giorgi,Gocholeishvili,Giorgi Gocholeishvili,2001-02-14,178,rechts,Georgia,Georgia,2000000,RV,RM,aktuelles TM-/CMTracker-Profil; HP/NP-Profilfallback,60,68,65,65,55,60,65,60,65,60,55,35,30,50,65,60,40,55,,,,,,70,74,85,78,68,69,66,61,67,49,49,64,58,59,46,40,12,9,10,6,FMInside – FM26/FM26.2 aktuell am 2026-06-17,CMTracker/EA FC26 – Upload 2026-06-17,import_ready,Aktuelle Quelle enthält nicht alle vereinbarten Rohattribute; fehlende Werte bleiben leer/NULL.
Hamburger SV,HSV,1887,Hamburg,Deutschland,53.587222,9.898611,947,41,Volksparkstadion,Hamburg,57000,2025,2025/26,Hamburger SV,Hamburger SV,,first_team,2000011420,743500,https://www.transfermarkt.de/-/profil/spieler/743500,https://fminside.net/players/7-fm-26/2000011420-william-mikelbrencis,262045,https://sofifa.com/player/262045/,William,Mikelbrencis,William Mikelbrencis,2004-02-25,182,rechts,France,France,3000000,RV,RM,aktuelles TM-/CMTracker-Profil; HP/NP-Profilfallback,58,68,75,65,50,65,60,60,65,60,50,35,40,55,60,60,60,40,,,,,,69,80,78,69,53,66,68,66,68,40,55,68,62,59,33,44,10,9,11,7,FMInside – FM26/FM26.2 aktuell am 2026-06-17,CMTracker/EA FC26 – Upload 2026-06-17,import_ready,Aktuelle Quelle enthält nicht alle vereinbarten Rohattribute; fehlende Werte bleiben leer/NULL.
Hamburger SV,HSV,1887,Hamburg,Deutschland,53.587222,9.898611,947,41,Volksparkstadion,Hamburg,57000,2025,2025/26,Hamburger SV,Hamburger SV,,first_team,2000115295,529895,https://www.transfermarkt.de/-/profil/spieler/529895,https://fminside.net/players/7-fm-26/2000115295-daniel-elfadli,269962,https://sofifa.com/player/269962/,Daniel,Elfadli,Daniel Elfadli,1997-04-06,188,rechts,Libya,Libya|Deutschland,3000000,IV,DM|ZM,aktuelles TM-/CMTracker-Profil; HP/NP-Profilfallback,63,66,,,,,,,,,,,,,,,,,,,,,,72,73,66,84,76,59,74,69,57,53,64,72,75,44,49,48,14,14,10,12,FMInside – FM26/FM26.2 aktuell am 2026-06-17,CMTracker/EA FC26 – Upload 2026-06-17,import_ready,Aktuelle Quelle enthält nicht alle vereinbarten Rohattribute; fehlende Werte bleiben leer/NULL.
Hamburger SV,HSV,1887,Hamburg,Deutschland,53.587222,9.898611,947,41,Volksparkstadion,Hamburg,57000,2025,2025/26,Hamburger SV,Hamburger SV,,first_team,14183076,649672,https://www.transfermarkt.de/-/profil/spieler/649672,https://fminside.net/players/7-fm-26/14183076-nicolas-capaldo,246885,https://sofifa.com/player/246885/,Nicolás,Capaldo,Nicolás Capaldo,1998-09-14,177,rechts,Argentina,Argentina|Italien,8000000,ZM,DM|IV,aktuelles TM-/CMTracker-Profil; HP/NP-Profilfallback,64,72,75,75,60,55,60,55,55,80,60,40,65,55,80,60,55,55,,,,,,73,74,76,90,72,71,73,71,64,70,54,72,71,69,55,60,11,6,12,13,FMInside – FM26/FM26.2 aktuell am 2026-06-17,CMTracker/EA FC26 – Upload 2026-06-17,import_ready,Aktuelle Quelle enthält nicht alle vereinbarten Rohattribute; fehlende Werte bleiben leer/NULL.
Hamburger SV,HSV,1887,Hamburg,Deutschland,53.587222,9.898611,947,41,Volksparkstadion,Hamburg,57000,2025,2025/26,Hamburger SV,Hamburger SV,,suspended,24057528,432757,https://www.transfermarkt.de/-/profil/spieler/432757,https://fminside.net/players/7-fm-26/24057528-mario-vukovi,262578,https://sofifa.com/player/262578/,Mario,Vušković,Mario Vušković,2001-11-16,189,rechts,Kroatien,Kroatien,,IV,DM,aktuelles TM-/CMTracker-Profil; HP/NP-Profilfallback,60,66,60,40,70,60,55,65,45,60,65,35,65,60,60,30,75,65,,,,,,72,83,,,,,,,,,,,,,,,,,,,FMInside – FM26/FM26.2 aktuell am 2026-06-17,CMTracker/EA FC26 – aktuelle Ergänzung 2026-06-17,import_ready,Aktuelle Quelle enthält nicht alle vereinbarten Rohattribute; fehlende Werte bleiben leer/NULL.
Hamburger SV,HSV,1887,Hamburg,Deutschland,53.587222,9.898611,947,41,Volksparkstadion,Hamburg,57000,2025,2025/26,Hamburger SV,Hamburger SV,,first_team,91178620,469949,https://www.transfermarkt.de/-/profil/spieler/469949,https://fminside.net/players/7-fm-26/91178620-noah-katterbach,246666,https://sofifa.com/player/246666/,Noah,Katterbach,Noah Katterbach,2001-04-13,180,links,Germany,Germany,600000,LV,RM|LM,aktuelles TM-/CMTracker-Profil; HP/NP-Profilfallback,58,65,65,65,50,65,65,65,65,55,50,35,40,60,65,55,55,40,,,,,,68,73,69,52,54,72,66,53,65,40,54,68,66,53,31,41,8,13,10,12,FMInside – FM26/FM26.2 aktuell am 2026-06-17,CMTracker/EA FC26 – Upload 2026-06-17,import_ready,Aktuelle Quelle enthält nicht alle vereinbarten Rohattribute; fehlende Werte bleiben leer/NULL.
Hamburger SV,HSV,1887,Hamburg,Deutschland,53.587222,9.898611,947,41,Volksparkstadion,Hamburg,57000,2025,2025/26,Hamburger SV,AS Saint-Étienne,Hamburger SV,loaned_out,2000316142,1052420,https://www.transfermarkt.de/-/profil/spieler/1052420,https://fminside.net/players/7-fm-26/2000316142-aboubaka-soumahoro,71611,https://sofifa.com/player/71611/,Aboubaka,Soumahoro,Aboubaka Soumahoro,2005-02-04,187,links,Frankreich,Frankreich|Elfenbeinküste,1200000,IV,LV|DM,aktuelles TM-/CMTracker-Profil; HP/NP-Profilfallback,58,71,65,65,70,60,55,60,50,70,60,30,60,55,70,30,30,35,,,,,,64,77,63,56,71,55,62,56,44,22,67,68,57,49,25,38,,,,,FMInside – FM26/FM26.2 aktuell am 2026-06-17,CMTracker/EA FC26 – aktuelle Ergänzung 2026-06-17,import_ready,Aktuelle Quelle enthält nicht alle vereinbarten Rohattribute; fehlende Werte bleiben leer/NULL.
Hamburger SV,HSV,1887,Hamburg,Deutschland,53.587222,9.898611,947,41,Volksparkstadion,Hamburg,57000,2025,2025/26,Hamburger SV,Hamburger SV,,first_team,28100045,298603,https://www.transfermarkt.de/-/profil/spieler/298603,https://fminside.net/players/7-fm-26/28100045-miro-muheim,232839,https://sofifa.com/player/232839/,Miro,Muheim,Miro Muheim,1998-03-24,182,links,Switzerland,Switzerland,5000000,LV,LM,aktuelles TM-/CMTracker-Profil; HP/NP-Profilfallback,67,68,65,70,60,65,60,65,75,65,60,40,60,65,80,85,80,65,,,,,,75,75,74,86,68,74,75,72,74,62,59,73,73,70,73,56,7,14,8,10,FMInside – FM26/FM26.2 aktuell am 2026-06-17,CMTracker/EA FC26 – Upload 2026-06-17,import_ready,Aktuelle Quelle enthält nicht alle vereinbarten Rohattribute; fehlende Werte bleiben leer/NULL.
Hamburger SV,HSV,1887,Hamburg,Deutschland,53.587222,9.898611,947,41,Volksparkstadion,Hamburg,57000,2025,2025/26,Hamburger SV,Hamburger SV,FC Arsenal,loaned_in,83174759,537598,https://www.transfermarkt.de/-/profil/spieler/537598,https://fminside.net/players/7-fm-26/83174759-fabio-vieira,256958,https://sofifa.com/player/256958/,Fábio,Vieira,Fábio Vieira,2000-05-30,173,links,Portugal,Portugal,18000000,ZM,OM|RF,aktuelles TM-/CMTracker-Profil; HP/NP-Profilfallback,70,75,65,65,40,85,75,80,65,45,45,55,30,75,60,70,75,85,,,,,,77,81,72,66,48,79,81,80,76,74,46,60,59,82,72,72,6,5,13,15,FMInside – FM26/FM26.2 aktuell am 2026-06-17,CMTracker/EA FC26 – Upload 2026-06-17,import_ready,Aktuelle Quelle enthält nicht alle vereinbarten Rohattribute; fehlende Werte bleiben leer/NULL.
Hamburger SV,HSV,1887,Hamburg,Deutschland,53.587222,9.898611,947,41,Volksparkstadion,Hamburg,57000,2025,2025/26,Hamburger SV,Hamburger SV,,first_team,18097160,381967,https://www.transfermarkt.de/-/profil/spieler/381967,https://fminside.net/players/7-fm-26/18097160-albert-sambi-lokonga,241928,https://sofifa.com/player/241928/,Albert Sambi,Lokonga,Albert Sambi Lokonga,1999-10-22,183,rechts,Belgium,Belgium|DR Kongo,12000000,ZM,DM,aktuelles TM-/CMTracker-Profil; HP/NP-Profilfallback,68,78,60,75,60,75,65,80,50,60,60,50,60,70,80,55,55,55,,,,,,76,78,60,75,68,78,79,78,68,63,65,72,64,74,68,41,9,7,13,6,FMInside – FM26/FM26.2 aktuell am 2026-06-17,CMTracker/EA FC26 – Upload 2026-06-17,import_ready,Aktuelle Quelle enthält nicht alle vereinbarten Rohattribute; fehlende Werte bleiben leer/NULL.
Hamburger SV,HSV,1887,Hamburg,Deutschland,53.587222,9.898611,947,41,Volksparkstadion,Hamburg,57000,2025,2025/26,Hamburger SV,SV Elversberg,Hamburger SV,loaned_out,96131652,532169,https://www.transfermarkt.de/-/profil/spieler/532169,https://fminside.net/players/7-fm-26/96131652-ukasz-porba,246301,https://sofifa.com/player/246301/,Łukasz,Poręba,Łukasz Poręba,2000-03-13,179,rechts,Polen,Polen,2500000,DM,ZM|OM,aktuelles TM-/CMTracker-Profil; HP/NP-Profilfallback,60,68,,,,,,,55,,,,,,,,,,,,,,,69,74,67,69,72,63,70,69,54,53,59,69,68,69,56,54,,,,,FMInside – FM26/FM26.2 aktuell am 2026-06-17,CMTracker/EA FC26 – aktuelle Ergänzung 2026-06-17,import_ready,Aktuelle Quelle enthält nicht alle vereinbarten Rohattribute; fehlende Werte bleiben leer/NULL.
Hamburger SV,HSV,1887,Hamburg,Deutschland,53.587222,9.898611,947,41,Volksparkstadion,Hamburg,57000,2025,2025/26,Hamburger SV,Hamburger SV,,first_team,2000036575,592534,https://www.transfermarkt.de/-/profil/spieler/592534,https://fminside.net/players/7-fm-26/2000036575-nicolai-remberg,276119,https://sofifa.com/player/276119/,Nicolai,Remberg,Nicolai Remberg,2000-06-19,187,rechts,Germany,Germany,9000000,ZM,DM,aktuelles TM-/CMTracker-Profil; HP/NP-Profilfallback,65,70,65,80,80,55,55,60,40,75,65,40,70,55,80,30,30,55,,,,,,73,76,65,89,85,70,76,73,56,55,73,76,73,69,39,39,12,11,14,8,FMInside – FM26/FM26.2 aktuell am 2026-06-17,CMTracker/EA FC26 – Upload 2026-06-17,import_ready,Aktuelle Quelle enthält nicht alle vereinbarten Rohattribute; fehlende Werte bleiben leer/NULL.
Hamburger SV,HSV,1887,Hamburg,Deutschland,53.587222,9.898611,947,41,Volksparkstadion,Hamburg,57000,2025,2025/26,Hamburger SV,Hamburger SV,,first_team,92083800,415194,https://www.transfermarkt.de/-/profil/spieler/415194,https://fminside.net/players/7-fm-26/92083800-bakery-jatta,234640,https://sofifa.com/player/234640/,Bakery,Jatta,Bakery Jatta,1998-06-06,184,rechts,Gambia,Gambia|Deutschland,1000000,RF,RM|RV,aktuelles TM-/CMTracker-Profil; HP/NP-Profilfallback,60,65,75,70,70,45,60,50,50,60,50,40,65,45,55,30,30,50,,,,,,69,69,79,75,77,68,68,60,70,68,58,58,41,70,49,61,9,11,9,8,FMInside – FM26/FM26.2 aktuell am 2026-06-17,CMTracker/EA FC26 – Upload 2026-06-17,import_ready,Aktuelle Quelle enthält nicht alle vereinbarten Rohattribute; fehlende Werte bleiben leer/NULL.
Hamburger SV,HSV,1887,Hamburg,Deutschland,53.587222,9.898611,947,41,Volksparkstadion,Hamburg,57000,2025,2025/26,Hamburger SV,Hamburger SV,,first_team,91205184,470038,https://www.transfermarkt.de/-/profil/spieler/470038,https://fminside.net/players/7-fm-26/91205184-ransford-konigsdorffer,255036,https://sofifa.com/player/255036/,Ransford,Königsdörffer,Ransford Königsdörffer,2001-09-13,182,rechts,Ghana,Ghana|Deutschland,5000000,ST,OM|RF,aktuelles TM-/CMTracker-Profil; HP/NP-Profilfallback,63,69,75,60,60,60,65,50,50,40,40,60,65,45,60,30,55,60,,,,,,70,77,81,74,64,74,68,59,61,70,68,42,37,67,42,60,7,10,6,9,FMInside – FM26/FM26.2 aktuell am 2026-06-17,CMTracker/EA FC26 – Upload 2026-06-17,import_ready,Aktuelle Quelle enthält nicht alle vereinbarten Rohattribute; fehlende Werte bleiben leer/NULL.
Hamburger SV,HSV,1887,Hamburg,Deutschland,53.587222,9.898611,947,41,Volksparkstadion,Hamburg,57000,2025,2025/26,Hamburger SV,SV Elversberg,Hamburger SV,loaned_out,37060940,412935,https://www.transfermarkt.de/-/profil/spieler/412935,https://fminside.net/players/7-fm-26/37060940-immanuel-pherai,243904,https://sofifa.com/player/243904/,Immanuel,Pherai,Immanuel Pherai,2001-04-25,175,rechts,Suriname,Suriname|Niederlande,1500000,OM,ZM|LF,aktuelles TM-/CMTracker-Profil; HP/NP-Profilfallback,60,70,75,65,40,75,75,60,60,40,35,50,30,60,55,65,65,60,,,,,,69,75,81,61,50,71,69,65,57,61,42,29,36,70,53,50,,,,,FMInside – FM26/FM26.2 aktuell am 2026-06-17,CMTracker/EA FC26 – aktuelle Ergänzung 2026-06-17,import_ready,Aktuelle Quelle enthält nicht alle vereinbarten Rohattribute; fehlende Werte bleiben leer/NULL.
Hamburger SV,HSV,1887,Hamburg,Deutschland,53.587222,9.898611,947,41,Volksparkstadion,Hamburg,57000,2025,2025/26,Hamburger SV,Hamburger SV,,first_team,2000161478,910541,https://www.transfermarkt.de/-/profil/spieler/910541,https://fminside.net/players/7-fm-26/2000161478-fabio-balde,74102,https://sofifa.com/player/74102/,Fábio,Baldé,Fábio Baldé,2005-07-20,182,rechts,Portugal,Portugal|Portugal,5000000,LF,RF|LM,aktuelles TM-/CMTracker-Profil; HP/NP-Profilfallback,55,,85,55,45,55,65,45,65,35,35,40,35,45,55,40,40,55,,,,,,66,77,83,54,64,70,62,56,64,61,45,35,27,57,44,48,10,9,8,6,FMInside – FM26/FM26.2 aktuell am 2026-06-17,CMTracker/EA FC26 – Upload 2026-06-17,import_ready,Aktuelle Quelle enthält nicht alle vereinbarten Rohattribute; fehlende Werte bleiben leer/NULL.
Hamburger SV,HSV,1887,Hamburg,Deutschland,53.587222,9.898611,947,41,Volksparkstadion,Hamburg,57000,2025,2025/26,Hamburger SV,Hamburger SV,,first_team,2000313833,1213681,https://www.transfermarkt.de/-/profil/spieler/1213681,https://fminside.net/players/7-fm-26/2000313833-alexander-rssing-lelesiit,72319,https://sofifa.com/player/72319/,Alexander,Røssing-Lelesiit,Alexander Røssing-Lelesiit,2007-01-20,184,rechts,Norwegen,Norwegen,5000000,LF,RF|LM,aktuelles TM-/CMTracker-Profil; HP/NP-Profilfallback,55,,70,55,45,65,70,50,55,35,30,50,40,50,60,60,55,55,,,,,,63,80,74,36,37,65,55,45,58,55,32,22,22,49,37,53,,,,,FMInside – FM26/FM26.2 aktuell am 2026-06-17,CMTracker/EA FC26 – aktuelle Ergänzung 2026-06-17,import_ready,FM-Export nennt 19.01.2007; aktuelle TM-/CMTracker-Daten verwenden 20.01.2007.
Hamburger SV,HSV,1887,Hamburg,Deutschland,53.587222,9.898611,947,41,Volksparkstadion,Hamburg,57000,2025,2025/26,Hamburger SV,Hamburger SV,,first_team,27139574,503866,https://www.transfermarkt.de/-/profil/spieler/503866,https://fminside.net/players/7-fm-26/27139574-albert-grnbk,256949,https://sofifa.com/player/256949/,Albert,Grønbæk,Albert Grønbæk,2001-05-23,181,rechts,Denmark,Denmark,5000000,OM,ZM|LM,aktuelles TM-/CMTracker-Profil; HP/NP-Profilfallback,63,70,65,65,45,,,,60,,,,,,,70,70,75,,,,,,73,78,75,78,65,75,74,71,69,70,55,64,62,75,62,56,9,12,6,13,FMInside – FM26/FM26.2 aktuell am 2026-06-17,CMTracker/EA FC26 – Upload 2026-06-17,import_ready,Aktuelle Quelle enthält nicht alle vereinbarten Rohattribute; fehlende Werte bleiben leer/NULL.
Hamburger SV,HSV,1887,Hamburg,Deutschland,53.587222,9.898611,947,41,Volksparkstadion,Hamburg,57000,2025,2025/26,Hamburger SV,Hamburger SV,FC Basel 1893,loaned_in,47101258,678655,https://www.transfermarkt.de/-/profil/spieler/678655,https://fminside.net/players/7-fm-26/47101258-philip-otele,266395,https://sofifa.com/player/266395/,Philip,Otele,Philip Otele,1999-04-15,178,rechts,Nigeria,Nigeria,4000000,LM,LF|ST,aktuelles TM-/CMTracker-Profil; HP/NP-Profilfallback,62,69,70,65,65,60,75,50,55,35,,55,55,,,55,60,55,,,,,,73,73,89,74,73,80,68,60,60,77,52,26,24,57,52,52,11,12,8,11,FMInside – FM26/FM26.2 aktuell am 2026-06-17,CMTracker/EA FC26 – Upload 2026-06-17,import_ready,Aktuelle Quelle enthält nicht alle vereinbarten Rohattribute; fehlende Werte bleiben leer/NULL.
Hamburger SV,HSV,1887,Hamburg,Deutschland,53.587222,9.898611,947,41,Volksparkstadion,Hamburg,57000,2025,2025/26,Hamburger SV,Hamburger SV II,,reserve,91119701,168543,https://www.transfermarkt.de/-/profil/spieler/168543,https://fminside.net/players/7-fm-26/91119701-levin-oztunali,213134,https://sofifa.com/player/213134/,Levin,Öztunalı,Levin Öztunalı,1996-03-15,184,rechts,Germany,Germany|Türkei,150000,LF,OM|RF,aktuelles TM-/CMTracker-Profil; HP/NP-Profilfallback,56,64,,,,,,,50,,,,,,,,,,,,,,,67,67,74,64,71,68,65,60,63,62,54,48,43,67,68,58,9,16,15,13,FMInside – FM26/FM26.2 aktuell am 2026-06-17,CMTracker/EA FC26 – Upload 2026-06-17,import_ready,Aktuelle Quelle enthält nicht alle vereinbarten Rohattribute; fehlende Werte bleiben leer/NULL.
Hamburger SV,HSV,1887,Hamburg,Deutschland,53.587222,9.898611,947,41,Volksparkstadion,Hamburg,57000,2025,2025/26,Hamburger SV,Maccabi Tel Aviv,Hamburger SV,loaned_out,47064790,403177,https://www.transfermarkt.de/-/profil/spieler/403177,https://fminside.net/players/7-fm-26/47064790-emir-sahiti,263056,https://sofifa.com/player/263056/,Emir,Sahiti,Emir Sahiti,1998-11-29,184,rechts,Kosovo,Kosovo|Albanien,1700000,RF,RM|LF,aktuelles TM-/CMTracker-Profil; HP/NP-Profilfallback,60,63,65,70,45,65,75,60,60,45,40,50,30,60,65,65,60,60,,,,,,70,70,75,66,56,73,66,64,67,68,52,42,43,66,62,59,,,,,FMInside – FM26/FM26.2 aktuell am 2026-06-17,CMTracker/EA FC26 – aktuelle Ergänzung 2026-06-17,import_ready,Aktuelle Quelle enthält nicht alle vereinbarten Rohattribute; fehlende Werte bleiben leer/NULL.
Hamburger SV,HSV,1887,Hamburg,Deutschland,53.587222,9.898611,947,41,Volksparkstadion,Hamburg,57000,2025,2025/26,Hamburger SV,Hamburger SV,,first_team,85144028,291222,https://www.transfermarkt.de/-/profil/spieler/291222,https://fminside.net/players/7-fm-26/85144028-jean-luc-dompe,224970,https://sofifa.com/player/224970/,Jean-Luc,Dompé,Jean-Luc Dompé,1995-08-12,170,rechts,France,France|Mali,2500000,LF,LM,aktuelles TM-/CMTracker-Profil; HP/NP-Profilfallback,63,65,,,,,,,75,,,,,,,,,,,,,,,74,74,78,78,50,78,70,67,75,70,36,44,31,73,75,57,12,7,11,9,FMInside – FM26/FM26.2 aktuell am 2026-06-17,CMTracker/EA FC26 – Upload 2026-06-17,import_ready,Aktuelle Quelle enthält nicht alle vereinbarten Rohattribute; fehlende Werte bleiben leer/NULL.
Hamburger SV,HSV,1887,Hamburg,Deutschland,53.587222,9.898611,947,41,Volksparkstadion,Hamburg,57000,2025,2025/26,Hamburger SV,Hamburger SV,,first_team,49045908,694507,https://www.transfermarkt.de/-/profil/spieler/694507,https://fminside.net/players/7-fm-26/49045908-rayan-philippe,251961,https://sofifa.com/player/251961/,Rayan,Philippe,Rayan Philippe,2000-10-23,182,links,France,France,4000000,ST,RF|OM,aktuelles TM-/CMTracker-Profil; HP/NP-Profilfallback,63,66,85,65,55,60,65,55,50,30,30,60,40,55,50,65,65,65,,,,,,72,77,90,84,67,75,65,43,53,71,62,17,15,59,36,72,6,13,11,6,FMInside – FM26/FM26.2 aktuell am 2026-06-17,CMTracker/EA FC26 – Upload 2026-06-17,import_ready,Aktuelle Quelle enthält nicht alle vereinbarten Rohattribute; fehlende Werte bleiben leer/NULL.
Hamburger SV,HSV,1887,Hamburg,Deutschland,53.587222,9.898611,947,41,Volksparkstadion,Hamburg,57000,2025,2025/26,Hamburger SV,Hamburger SV,FC Southampton,loaned_in,2000172478,820241,https://www.transfermarkt.de/-/profil/spieler/820241,https://fminside.net/players/7-fm-26/2000172478-damion-downs,274944,https://sofifa.com/player/274944/,Damion,Downs,Damion Downs,2004-07-06,192,rechts,United States,United States|Deutschland,4000000,ST,,aktuelles TM-/CMTracker-Profil; HP/NP-Profilfallback,60,70,70,65,60,60,55,50,45,30,25,55,60,50,60,40,50,60,,,,,,70,80,71,71,75,64,64,41,44,73,73,18,20,51,40,68,9,7,15,11,FMInside – FM26/FM26.2 aktuell am 2026-06-17,CMTracker/EA FC26 – Upload 2026-06-17,import_ready,Aktuelle Quelle enthält nicht alle vereinbarten Rohattribute; fehlende Werte bleiben leer/NULL.
Hamburger SV,HSV,1887,Hamburg,Deutschland,53.587222,9.898611,947,41,Volksparkstadion,Hamburg,57000,2025,2025/26,Hamburger SV,Hamburger SV,,first_team,27051813,157635,https://www.transfermarkt.de/-/profil/spieler/157635,https://fminside.net/players/7-fm-26/27051813-yussuf-poulsen,207791,https://sofifa.com/player/207791/,Yussuf,Poulsen,Yussuf Poulsen,1994-06-15,192,rechts,Denmark,Denmark|Tansania,1000000,ST,,aktuelles TM-/CMTracker-Profil; HP/NP-Profilfallback,63,73,,,,60,55,55,45,55,,55,65,,,,,,,,,,,72,72,66,76,80,70,70,53,66,70,84,59,59,72,42,58,8,11,14,15,FMInside – FM26/FM26.2 aktuell am 2026-06-17,CMTracker/EA FC26 – Upload 2026-06-17,import_ready,Aktuelle Quelle enthält nicht alle vereinbarten Rohattribute; fehlende Werte bleiben leer/NULL.
Hamburger SV,HSV,1887,Hamburg,Deutschland,53.587222,9.898611,947,41,Volksparkstadion,Hamburg,57000,2025,2025/26,Hamburger SV,Hamburger SV,,first_team,91124152,196139,https://www.transfermarkt.de/-/profil/spieler/196139,https://fminside.net/players/7-fm-26/91124152-robert-glatzel,236533,https://sofifa.com/player/236533/,Robert,Glatzel,Robert Glatzel,1994-01-08,193,rechts,Germany,Germany|Eritrea,1500000,ST,,aktuelles TM-/CMTracker-Profil; HP/NP-Profilfallback,62,69,,,,60,60,60,35,35,,65,80,,,,,,,,,,,72,72,57,65,85,65,63,46,39,74,81,28,20,48,40,68,9,11,13,14,FMInside – FM26/FM26.2 aktuell am 2026-06-17,CMTracker/EA FC26 – Upload 2026-06-17,import_ready,Aktuelle Quelle enthält nicht alle vereinbarten Rohattribute; fehlende Werte bleiben leer/NULL.
