"attributes.acceleration","attributes.sprintspeed","attributes.agility","attributes.balance","attributes.jumping","attributes.stamina","attributes.strength","attributes.reactions","attributes.aggression","attributes.composure","attributes.interceptions","attributes.positioning","attributes.vision","attributes.ballcontrol","attributes.crossing","attributes.dribbling","attributes.finishing","attributes.freekickaccuracy","attributes.headingaccuracy","attributes.longpassing","attributes.shortpassing","attributes.marking","attributes.shotpower","attributes.longshots","attributes.standingtackle","attributes.slidingtackle","attributes.volleys","attributes.curve","attributes.penalties","attributes.gkdiving","attributes.gkhandling","attributes.gkkicking","attributes.gkreflexes","attributes.gkpositioning","stats.attack","stats.defending","stats.skill","stats.power","stats.movement","stats.mentality","stats.goalkeeper","info.contract.jointeamdate","info.contract.enddate","info.contract.isloanedout","info.nation.id","info.nation.name","info.name.firstname","info.name.lastname","info.name.playerjerseyname","info.name.knownas","info.name.firstnameid","info.name.lastnameid","info.name.playerjerseynameid","info.playerid","info.total_attributes","info.overallrating","info.potential","info.birthdate","info.age","info.teams.club_team.id","info.teams.club_team.name","info.teams.club_team.leagueid","info.teams.club_team.domesticprestige","info.teams.club_team.profitability","info.teams.club_team.slug","info.teams.club_team.jerseynumber","info.league","info.headshot","info.haircolor","info.eyecolor","info.skintone","info.headtype","info.bodytype","info.preferredfoot","info.skillmoves","info.weafoot","info.internationalrep","info.ovrmodifier","info.release_clause","info.height","info.weight","info.gender","info.defensiveworkrate","info.attackingworkrate","info.real_face","info.isretiring","info.valueUSD","info.valueEUR","info.valueGBP","info.wageUSD","info.wageEUR","info.wageGBP","info.traits.trait1","info.traits.trait2","card_attrs.pac","card_attrs.sho","card_attrs.pas","card_attrs.dri","card_attrs.def","card_attrs.phy","primary_position","other_positions","updated","added","removed","slug","real_ovrs.0","real_ovrs.1","real_ovrs.2","real_ovrs.3","real_ovrs.4","real_ovrs.5","real_ovrs.6","real_ovrs.7","real_ovrs.8","real_ovrs.9","real_ovrs.10"
83,83,62,67,68,54,64,52,52,60,28,64,57,69,64,70,61,44,45,56,62,27,63,49,35,34,50,64,48,12,9,6,10,8,57,32,61,60,70,52,9,"2024-08-01","2029-06-01",0,38,"Portugal","Fabio","Baldé","Baldé","Fabio Baldé",11374,3492,3492,74102,1680,66,77,"2005-07-20T00:00:00.000Z",19,28,"Hamburger SV",19,2,2,"hamburger-sv",45,19,"https://cmtracker.fra1.cdn.digitaloceanspaces.com/DB/26/heads/p74102.png",21,9,10,1000,1,"Right",3,2,1,0,3400000,182,75,"Male",,,"No","No",2200000,1800000,1600000,7500,6400,5500,"","",83,56,58,63,34,60,"LW","RW | LM",false,false,false,"fabio-balde",14,51,49,43,47,65,57,63,64,65,62
66,65,67,54,89,76,80,75,80,73,54,74,72,72,66,70,70,42,84,53,70,59,72,55,59,34,71,69,58,6,11,15,8,14,73,51,62,75,66,69,11,"2025-07-14","2027-06-01",0,13,"Denmark","Yussuf","Poulsen","Poulsen","Yussuf Poulsen",39829,29969,29969,207791,1983,72,72,"1994-06-15T00:00:00.000Z",31,28,"Hamburger SV",19,2,2,"hamburger-sv",15,19,"https://cmtracker.fra1.cdn.digitaloceanspaces.com/DB/26/heads/p207791.png",3,3,5,1001,5,"Right",3,3,2,0,6500000,192,87,"Male",,,"Yes","No",2300000,2000000,1700000,23500,20000,17000,"Enforcer","Career Injury Prone",66,67,62,69,58,81,"ST","-",false,false,false,"yussuf-poulsen",17,62,61,64,63,69,67,69,70,69,72
42,40,38,33,64,40,69,74,23,28,15,7,50,29,8,20,11,12,10,56,48,12,63,9,15,11,7,13,19,79,75,84,78,78,17,13,26,49,46,24,79,"2019-07-01","2026-06-01",0,38,"Portugal","Daniel","Heuer Fernandes","Fernandes","Daniel Heuer Fernandes",8495,15228,11778,212197,1260,78,78,"1992-11-13T00:00:00.000Z",32,28,"Hamburger SV",19,2,2,"hamburger-sv",1,19,"https://cmtracker.fra1.cdn.digitaloceanspaces.com/DB/26/heads/p212197.png",3,4,3,1519,5,"Right",1,4,1,1,,188,81,"Male",,,"Yes","No",8000000,7000000,6000000,21000,18000,15500,"","GK Deflector",41,19,31,37,13,49,"GK","-",false,false,false,"daniel-heuer-fernandes",77,27,26,26,34,32,38,34,32,29,30
74,74,72,69,71,64,71,66,57,67,54,67,67,66,63,68,62,68,54,60,65,43,68,65,48,49,64,72,58,10,16,13,9,15,62,47,67,68,71,62,13,"2023-07-01","2026-06-01",0,21,"Germany","Levin","Öztunalı","Öztunali","Levin Öztunalı",21524,40975,40976,213134,1909,67,67,"1996-03-15T00:00:00.000Z",29,28,"Hamburger SV",19,2,2,"hamburger-sv",47,19,"https://cmtracker.fra1.cdn.digitaloceanspaces.com/DB/26/heads/p213134.png",0,3,2,1503,2,"Right",3,3,1,0,,184,81,"Male",,,"Yes","No",1200000,1000000,850000,13000,11000,9400,"","",74,64,66,68,50,66,"RW","CM | RM",false,false,false,"levin-oztunali",18,59,58,55,58,66,63,66,66,66,65
84,72,90,90,57,78,50,68,42,73,39,70,73,75,75,78,70,75,36,67,70,31,77,73,44,42,70,80,57,11,7,9,12,11,65,39,75,67,81,59,10,"2022-08-18","2027-06-01",0,18,"France","Jean-Luc","Dompé","Dompé","Jean-Luc Dompé",17314,9610,9610,224970,1956,74,74,"1995-08-12T00:00:00.000Z",29,28,"Hamburger SV",19,2,2,"hamburger-sv",7,19,"https://cmtracker.fra1.cdn.digitaloceanspaces.com/DB/26/heads/p224970.png",0,9,10,1039,7,"Right",4,3,1,0,,170,65,"Male",,,"Yes","No",4900000,4100000,3600000,28000,23500,20500,"Finesse Shot, Dead Ball, Whipped Pass, Technical, First Touch","",78,70,73,79,38,57,"LW","LM",false,false,false,"jean-luc-dompe",16,61,57,45,56,73,68,73,72,74,67
77,70,72,72,74,86,68,69,70,69,70,71,70,74,74,74,62,73,59,72,75,73,75,72,73,71,51,74,56,11,14,10,7,8,65,73,74,75,72,68,10,"2022-03-20","2027-06-01",0,47,"Switzerland","Miro","Muheim","Muheim","Miro Muheim",25355,25991,25991,232839,2096,75,75,"1998-03-24T00:00:00.000Z",27,28,"Hamburger SV",19,2,2,"hamburger-sv",28,19,"https://cmtracker.fra1.cdn.digitaloceanspaces.com/DB/26/heads/p232839.png",5,2,2,1508,1,"Left",3,3,1,2,,182,77,"Male",,,"Yes","No",6500000,5500000,4700000,26000,22000,19000,"Power Shot, Dead Ball, Whipped Pass","",74,65,73,72,69,75,"LB","LM",false,false,false,"miro-muheim",16,73,72,70,72,72,72,71,71,71,68
83,75,67,59,82,75,77,64,62,68,39,70,70,65,70,68,68,49,58,60,68,41,70,63,58,38,60,64,61,6,11,8,9,9,65,46,62,74,70,62,9,"2016-07-01","2029-06-01",0,116,"Gambia","Bakery","Jatta","Jatta","Bakery Jatta",3442,17224,17224,234640,1895,69,69,"1998-06-06T00:00:00.000Z",27,28,"Hamburger SV",19,2,2,"hamburger-sv",18,19,"https://cmtracker.fra1.cdn.digitaloceanspaces.com/DB/26/heads/p234640.png",0,9,10,1008,1,"Right",3,3,1,0,2700000,184,79,"Male",,,"Yes","No",1800000,1500000,1300000,15500,13000,11500,"Rapid, Quick Step","Career Injury Prone",79,65,64,65,47,74,"RW","RM | RB",false,false,false,"bakery-jatta",14,59,58,55,57,69,64,67,68,69,67
63,50,53,41,89,65,85,75,59,69,24,75,48,73,39,65,74,40,81,46,63,20,75,64,28,25,75,50,68,10,11,14,9,13,67,25,55,76,57,58,12,"2021-07-01","2027-06-01",0,21,"Germany","Robert","Glatzel","Glatzel","Robert Glatzel",31443,13387,13387,236533,1739,72,72,"1994-01-08T00:00:00.000Z",31,28,"Hamburger SV",19,2,2,"hamburger-sv",9,19,"https://cmtracker.fra1.cdn.digitaloceanspaces.com/DB/26/heads/p236533.png",0,3,6,1542,5,"Right",2,4,1,0,,193,85,"Male",,,"No","No",2300000,2000000,1700000,23500,20000,17000,"Precision Header, Enforcer","Career Injury Prone",57,72,48,63,36,75,"ST","-",false,false,false,"robert-glatzel",17,46,45,47,47,62,58,64,67,63,72
79,84,65,66,87,72,89,66,72,71,73,50,54,66,56,60,42,25,76,71,71,71,42,25,73,73,26,34,66,5,7,13,11,5,55,73,52,63,72,65,9,"2025-07-01","2028-06-01",0,133,"Nigeria","Jordan","Torunarigha","Jordan","Jordan Torunarigha",17898,36702,17898,236947,1846,74,74,"1997-08-07T00:00:00.000Z",27,28,"Hamburger SV",19,2,2,"hamburger-sv",25,19,"https://cmtracker.fra1.cdn.digitaloceanspaces.com/DB/26/heads/p236947.png",21,9,10,1035,5,"Left",2,2,1,0,9000000,191,80,"Male",,,"Yes","No",4600000,3900000,3300000,24000,20500,17500,"Long Ball Pass, Jockey, Intercept, Aerial Fortress, Bruiser","",82,42,52,66,73,80,"CB","-",false,false,false,"jordan-torunarigha",13,69,71,74,70,63,63,60,58,60,58
56,64,69,65,68,75,68,74,73,79,75,70,74,80,68,78,63,68,65,78,79,64,70,65,72,69,58,71,41,14,7,6,9,13,67,69,75,70,66,69,10,"2025-09-01","2028-06-01",0,7,"Belgium","Albert","Sambi Lokonga","Sambi","Albert Sambi Lokonga",1341,32524,32523,241928,2048,76,78,"1999-10-22T00:00:00.000Z",25,28,"Hamburger SV",19,2,2,"hamburger-sv",6,19,"https://cmtracker.fra1.cdn.digitaloceanspaces.com/DB/26/heads/p241928.png",0,9,10,1002,1,"Right",3,3,1,0,,183,73,"Male",,,"Yes","No",11000000,9500000,8000000,27500,23000,20000,"","",60,61,73,74,69,71,"CM","CDM",false,false,false,"albert-sambi-lokonga",17,71,70,70,74,72,75,73,72,71,69
72,66,77,76,61,52,54,68,60,70,67,50,53,71,65,72,40,31,54,53,66,66,46,35,68,67,40,41,41,12,13,12,8,10,53,67,54,50,72,57,11,"2024-01-31","2027-06-01",0,21,"Germany","Noah","Katterbach","Katterbach","Noah Katterbach",27292,19064,19064,246666,1737,68,73,"2001-04-13T00:00:00.000Z",24,28,"Hamburger SV",19,2,2,"hamburger-sv",3,19,"https://cmtracker.fra1.cdn.digitaloceanspaces.com/DB/26/heads/p246666.png",4,2,2,4001,2,"Left",3,2,1,2,4600000,180,73,"Male",,,"No","No",2000000,1700000,1500000,11000,9300,8000,"","",69,42,52,72,64,57,"LB","RM | LM",false,false,false,"noah-katterbach",17,65,65,63,63,62,60,61,59,62,55
77,75,82,75,73,90,72,77,76,74,68,70,69,73,64,71,70,55,54,71,73,71,70,67,72,69,64,65,60,8,6,13,11,12,65,71,67,75,78,70,10,"2025-07-10","2028-06-01",0,52,"Argentina","Nicolás","Capaldo","Capaldo","Nicolás Capaldo",27077,6277,6277,246885,2097,73,74,"1998-09-14T00:00:00.000Z",26,28,"Hamburger SV",19,2,2,"hamburger-sv",24,19,"https://cmtracker.fra1.cdn.digitaloceanspaces.com/DB/26/heads/p246885.png",3,4,3,528,2,"Right",3,2,1,0,,177,73,"Male",,,"Yes","No",4200000,3600000,3100000,22500,19500,16500,"Relentless","",76,67,66,75,67,78,"CM","CDM | CB",false,false,false,"nicolas-capaldo",16,72,72,69,72,72,72,72,71,71,69
88,92,74,74,79,84,67,72,39,68,20,72,59,72,53,75,71,36,62,43,65,15,74,60,17,22,60,51,72,9,13,6,6,11,63,18,56,73,80,55,9,"2025-07-02","2029-06-01",0,18,"France","Rayan","Philippe","Philippe","Rayan Philippe",30902,29508,29508,251961,1781,72,77,"2000-10-23T00:00:00.000Z",24,28,"Hamburger SV",19,2,2,"hamburger-sv",14,19,"https://cmtracker.fra1.cdn.digitaloceanspaces.com/DB/26/heads/p251961.png",0,9,3,1528,1,"Left",3,2,1,0,,182,78,"Male",,,"Yes","No",4200000,3600000,3100000,20000,17000,14500,"Low Driven Shot","",90,68,51,73,27,67,"ST","RW | CAM",false,false,false,"rayan-philippe",16,52,48,39,44,70,60,68,71,71,71
85,77,81,80,79,74,64,69,48,66,40,69,67,71,61,74,70,42,68,59,68,37,70,66,42,35,60,63,60,15,10,9,7,6,66,38,62,71,79,59,10,"2022-07-01","2026-06-01",0,117,"Ghana","Ransford-Yeboah","Königsdörffer","Königsdörffer","Ransford-Yeboah Königsdörffer",30786,20616,20616,255036,1892,70,77,"2001-09-13T00:00:00.000Z",23,28,"Hamburger SV",19,2,2,"hamburger-sv",11,19,"https://cmtracker.fra1.cdn.digitaloceanspaces.com/DB/26/heads/p255036.png",0,9,6,1036,2,"Right",3,3,1,0,,182,78,"Male",,,"Yes","No",3800000,3200000,2800000,16000,13500,11500,"Precision Header, Acrobatic, Rapid","",81,66,60,74,44,66,"ST","CAM | RW",false,false,false,"ransford-yeboah-konigsdorffer",16,58,56,51,55,70,65,70,70,71,70
56,64,53,53,78,63,77,71,72,68,72,34,51,66,44,59,25,32,73,62,71,71,52,33,74,72,31,44,41,9,7,13,14,10,49,73,53,61,60,57,11,"2026-02-02","2030-06-01",0,214,"Comoros","Warmed","Omari","Omari","Warmed Omari",38543,28094,28094,256854,1715,72,76,"2000-04-23T00:00:00.000Z",25,28,"Hamburger SV",19,2,2,"hamburger-sv",17,19,"https://cmtracker.fra1.cdn.digitaloceanspaces.com/DB/26/heads/p256854.png",0,9,7,1035,5,"Right",2,3,1,0,,188,76,"Male",,,"Yes","No",3400000,2900000,2500000,19000,16000,14000,"","",60,36,51,62,72,73,"CB","-",false,false,false,"warmed-omari",16,65,67,72,69,56,60,55,53,53,52
76,74,85,84,71,78,65,69,68,76,64,73,75,75,69,75,70,62,55,71,74,62,67,64,64,62,62,70,56,8,12,13,9,6,66,63,71,69,78,69,10,"2024-07-15","2026-06-30",1,13,"Denmark","Albert","Grønbæk","Grønbæk","Albert Grønbæk",1341,13882,13882,256949,2064,73,78,"2001-05-23T00:00:00.000Z",24,74,"Stade Rennais",16,6,5,"stade-rennais",23,19,"https://cmtracker.fra1.cdn.digitaloceanspaces.com/DB/26/heads/p256949.png",15,8,2,2019,1,"Right",4,3,1,0,,181,65,"Male",,,"No","No",5500000,4600000,4000000,21000,18000,15500,"Incisive Pass, Technical","",75,65,70,77,61,71,"CAM","CM | LM | ST",false,false,false,"albert-gronbaek",15,69,67,64,68,73,72,73,72,73,69
73,70,77,71,56,66,48,78,58,76,59,76,82,79,76,79,74,72,46,80,81,59,76,76,60,48,67,76,72,9,5,15,6,13,69,56,78,65,74,71,10,"2022-07-01","2026-06-30",1,38,"Portugal","Fábio Daniel","Ferreira Vieira","Fábio Vieira","Fábio Vieira",12481,11835,12493,256958,2059,77,81,"2000-05-30T00:00:00.000Z",25,1,"Arsenal",13,10,9,"arsenal",20,19,"https://cmtracker.fra1.cdn.digitaloceanspaces.com/DB/26/heads/p256958.png",0,5,2,2508,1,"Left",3,3,1,0,,173,61,"Male",,,"Yes","No",17000000,14500000,12500000,110000,94000,81000,"Dead Ball, Tiki Taka","",72,74,78,77,54,57,"CM","CAM | RW | CDM",false,false,false,"fabio-daniel-ferreira-vieira",16,67,65,58,67,76,76,78,76,77,71
56,58,49,46,65,26,61,67,23,41,15,14,58,25,16,17,12,16,12,35,32,15,51,12,15,15,13,15,18,71,66,68,70,68,17,15,22,43,56,29,69,"2026-01-22","2030-06-01",0,36,"Norway","Sander","Tangvik","Tangvik","Sander Tangvik",32634,35749,35749,257568,1241,70,79,"2002-11-29T00:00:00.000Z",22,28,"Hamburger SV",19,2,2,"hamburger-sv",12,19,"https://cmtracker.fra1.cdn.digitaloceanspaces.com/DB/26/heads/p257568.png",2,1,1,2002,4,"Right",1,2,1,1,,193,80,"Male",,,"No","No",3700000,3100000,2700000,8000,6700,5800,"","GK Footwork, GK Cross Claimer",57,20,29,41,14,44,"GK","-",false,false,false,"sander-tangvik",68,27,26,26,28,31,32,33,31,30,29
77,78,74,81,65,69,53,62,64,60,60,64,59,66,68,66,40,33,55,66,68,62,63,33,68,68,33,54,44,14,9,7,10,11,53,66,57,57,75,59,11,"2022-08-31","2026-06-01",0,18,"France","William","Mikelbrencis","Mikelbrencis","William Mikelbrencis",38818,25105,25105,262045,1804,69,80,"2004-02-25T00:00:00.000Z",21,28,"Hamburger SV",19,2,2,"hamburger-sv",2,19,"https://cmtracker.fra1.cdn.digitaloceanspaces.com/DB/26/heads/p262045.png",3,4,3,3,1,"Right",2,2,1,2,,182,64,"Male",,,"Yes","No",3500000,3000000,2600000,10000,8600,7400,"","",78,46,58,68,63,63,"RB","RM",false,false,false,"william-mikelbrencis",16,66,66,62,64,65,63,62,61,63,58
89,89,87,83,78,74,73,59,66,65,21,68,57,78,60,80,77,52,52,60,68,24,77,70,26,23,73,70,52,5,12,11,11,8,66,25,68,75,82,55,10,"2025-01-15","2026-06-30",1,133,"Nigeria","Philip","Otele","Otele","Philip Otele",29506,28377,28377,266395,1898,73,73,"1999-04-15T00:00:00.000Z",26,896,"FC Basel",189,10,5,"fc-basel",27,19,"https://cmtracker.fra1.cdn.digitaloceanspaces.com/DB/26/heads/p266395.png",0,9,9,1021,1,"Right",3,5,1,1,,178,80,"Male",,,"No","No",3900000,3300000,2900000,21500,18000,15500,"Precision Header, Acrobatic, Rapid","",89,70,61,75,29,73,"LM","LW | ST",false,false,false,"philip-otele",14,53,49,43,49,72,63,71,72,73,72
67,64,58,63,76,84,76,68,74,65,75,40,44,62,57,59,53,49,64,69,74,75,59,48,72,72,40,50,48,11,14,12,14,10,58,73,58,69,64,58,13,"2024-07-01","2028-06-01",0,123,"Libya","Daniel","Elfadli","Elfadli","Daniel Elfadli",8495,10554,10554,269962,1866,72,73,"1997-04-06T00:00:00.000Z",28,28,"Hamburger SV",19,2,2,"hamburger-sv",8,19,"https://cmtracker.fra1.cdn.digitaloceanspaces.com/DB/26/heads/p269962.png",3,2,3,2020,4,"Right",2,3,1,0,4500000,188,78,"Male",,,"Yes","No",2600000,2200000,1900000,20500,17500,15000,"Long Ball Pass, Intercept","",66,48,57,63,72,78,"CB","CDM | CM",false,false,false,"daniel-elfadli",18,69,70,72,71,61,63,58,57,58,58
84,85,78,75,71,78,68,65,76,59,65,63,59,66,67,69,49,46,49,61,66,58,64,56,64,66,52,56,40,10,9,6,12,10,57,63,60,68,78,61,10,"2023-01-01","2026-06-30",1,20,"Georgia","Giorgi","Gocholeishvili","Gocholeishvili","Giorgi Gocholeishvili",13314,13436,13436,274722,1902,70,74,"2001-02-14T00:00:00.000Z",24,101059,"Shakhtar Donetsk",76,10,3,"shakhtar-donetsk",16,19,"https://cmtracker.fra1.cdn.digitaloceanspaces.com/DB/26/heads/p274722.png",3,4,3,2002,1,"Right",3,3,1,2,,178,70,"Male",,,"Yes","No",2500000,2100000,1800000,12000,10000,8800,"Jockey, Anticipate","Career One Club Player",85,54,59,69,60,73,"RB","RM",false,false,false,"giorgi-gocholeishvili",16,68,67,64,65,67,64,64,64,66,61
67,74,55,50,80,71,75,69,43,59,18,72,51,69,44,64,73,40,73,41,64,20,66,61,18,20,59,68,68,12,7,11,9,15,63,20,57,71,63,52,11,"2025-07-09","2026-06-30",1,95,"United States","Damion","Downs","Downs","Damion Downs",8426,9784,9784,274944,1686,70,80,"2004-07-06T00:00:00.000Z",20,17,"Southampton",14,10,7,"southampton",19,19,"https://cmtracker.fra1.cdn.digitaloceanspaces.com/DB/26/heads/p274944.png",0,9,5,1006,4,"Right",2,3,1,0,,192,80,"Male",,,"No","No",4200000,3500000,3000000,29000,24500,21000,"","",71,67,51,61,30,67,"ST","-",false,false,false,"damion-downs",17,46,44,41,43,63,56,63,67,64,69
53,64,44,43,85,69,85,74,78,66,75,49,55,70,38,64,61,53,85,75,78,76,78,59,81,76,43,38,53,9,11,7,12,13,61,78,60,76,56,63,11,"2025-06-01","2026-06-30",1,10,"Croatia","Luka","Vušković","L. Vušković","Luka Vušković",22372,38276,49325,275192,1920,78,88,"2007-02-24T00:00:00.000Z",18,18,"Tottenham Hotspur",13,7,8,"tottenham-hotspur",44,19,"https://cmtracker.fra1.cdn.digitaloceanspaces.com/DB/26/heads/p275192.png",6,4,2,17,4,"Right",2,3,1,0,,193,86,"Male",,,"Yes","No",32500000,27500000,23500000,67000,56000,48500,"Precision Header, Acrobatic, Long Ball Pass, Aerial Fortress","",59,57,56,60,79,79,"CB","-",false,false,false,"luka-vuskovic",17,68,70,78,75,62,68,64,64,60,67
68,61,66,71,92,89,85,71,85,73,74,64,69,74,56,70,55,39,73,73,76,73,74,62,76,75,39,44,39,11,11,8,12,14,60,75,60,81,68,68,12,"2025-06-02","2028-06-01",0,21,"Germany","Nicolai","Remberg","Remberg","Nicolai Remberg",27065,31073,31073,276119,2022,73,76,"2000-06-19T00:00:00.000Z",25,28,"Hamburger SV",19,2,2,"hamburger-sv",21,19,"https://cmtracker.fra1.cdn.digitaloceanspaces.com/DB/26/heads/p276119.png",19,4,2,1541,5,"Right",2,3,1,0,,187,88,"Male",,,"Yes","No",4700000,4000000,3400000,21500,18500,16000,"Aerial Fortress, Bruiser","",65,56,60,71,74,88,"CM","CDM",false,false,false,"nicolai-remberg",18,72,72,76,75,68,72,69,68,66,67