exp_label,exp_value,scenario_id,scenario_label,home_team,away_team,n,home_win_pct,draw_pct,away_win_pct,avg_home_goals,avg_away_goals,avg_total_goals,avg_home_xg,avg_away_xg,avg_home_shots,avg_away_shots,avg_home_possession,avg_away_possession,avg_home_fouls,avg_away_fouls,avg_home_yellow,avg_away_yellow,avg_home_fatigue_cost,lead_after_80_count,leads_protected_after_80,leads_lost_after_80,lead_protected_pct,lead_lost_pct,trailed_at_60_count,comeback_wins,comeback_draws,comeback_win_pct
exp_1.00 (current),1.0,equal_top_vs_equal_top,Bayern vs Bayern,FC Bayern München,FC Bayern München,1000,39.9,24.5,35.6,1.437,1.329,2.766,1.3899,1.3899,10.61,10.56,50.0,50.0,15.02,14.92,1.388,1.422,1.035,394,355,39,90.1,9.9,311,14,42,4.5
exp_1.00 (current),1.0,equal_mid_vs_equal_mid,Mid(150) vs Mid(150),Mid-Team (150),Mid-Team (150),1000,37.4,25.1,37.5,1.367,1.424,2.791,1.3579,1.3579,10.72,10.69,50.0,50.0,14.94,15.01,1.406,1.453,1.035,358,334,24,93.3,6.7,345,13,51,3.77
exp_1.00 (current),1.0,top_vs_mid,Bayern vs Mid(150),FC Bayern München,Mid-Team (150),1000,42.5,26.8,30.7,1.515,1.267,2.782,1.5153,1.2456,10.96,10.56,51.0,49.0,14.88,15.15,1.413,1.436,1.035,412,383,29,92.96,7.04,292,8,51,2.74
exp_1.00 (current),1.0,mid_vs_top,Mid(150) vs Bayern,Mid-Team (150),FC Bayern München,1000,32.2,27.1,40.7,1.23,1.439,2.669,1.2456,1.5153,10.36,10.72,49.0,51.0,15.05,14.98,1.417,1.448,1.035,315,292,23,92.7,7.3,388,11,56,2.84
exp_1.00 (current),1.0,top_vs_low,Bayern vs Low(130),FC Bayern München,Low-Team (130),1000,51.5,23.4,25.1,1.758,1.16,2.918,1.7484,1.0795,10.77,10.53,53.0,47.0,15.16,14.99,1.455,1.401,1.035,493,464,29,94.12,5.88,229,12,44,5.24
exp_1.00 (current),1.0,low_vs_top_defensive,Low(130) vs Bayern — Außenseiter defensiv,Low-Team (130),FC Bayern München,1000,22.7,23.4,53.9,1.073,1.795,2.868,1.0795,1.7484,10.38,10.97,47.0,53.0,15.05,15.11,1.45,1.417,1.035,230,208,22,90.43,9.57,483,6,55,1.24
exp_1.00 (current),1.0,top_attacking_vs_low_compact,Bayern vs Low(130) kompakt,FC Bayern München,Low-Kompakt (130),1000,54.4,23.1,22.5,1.649,0.981,2.63,1.6631,0.9866,10.68,9.26,52.0,48.0,15.09,15.34,1.464,1.459,1.035,524,508,16,96.95,3.05,232,15,46,6.47
exp_1.15,1.15,equal_top_vs_equal_top,Bayern vs Bayern,FC Bayern München,FC Bayern München,1000,39.8,24.0,36.2,1.482,1.428,2.91,1.3948,1.3948,10.63,10.63,50.0,50.0,15.04,15.07,1.424,1.356,1.035,382,361,21,94.5,5.5,351,16,50,4.56
exp_1.15,1.15,equal_mid_vs_equal_mid,Mid(150) vs Mid(150),Mid-Team (150),Mid-Team (150),1000,37.1,26.1,36.8,1.403,1.451,2.854,1.3579,1.3579,10.6,10.76,50.0,50.0,14.99,14.96,1.423,1.421,1.035,354,332,22,93.79,6.21,340,6,56,1.76
exp_1.15,1.15,top_vs_mid,Bayern vs Mid(150),FC Bayern München,Mid-Team (150),1000,43.7,26.6,29.7,1.585,1.271,2.856,1.5404,1.2296,10.88,10.46,51.0,49.0,15.01,14.93,1.446,1.422,1.035,436,405,31,92.89,7.11,285,13,53,4.56
exp_1.15,1.15,mid_vs_top,Mid(150) vs Bayern,Mid-Team (150),FC Bayern München,1000,32.3,24.8,42.9,1.265,1.49,2.755,1.2296,1.5404,10.56,10.78,49.0,51.0,14.86,14.87,1.413,1.488,1.035,321,288,33,89.72,10.28,393,15,52,3.82
exp_1.15,1.15,top_vs_low,Bayern vs Low(130),FC Bayern München,Low-Team (130),1000,56.5,23.0,20.5,1.864,1.076,2.94,1.8159,1.043,10.89,10.51,53.0,47.0,15.09,15.06,1.421,1.448,1.035,534,508,26,95.13,4.87,199,20,39,10.05
exp_1.15,1.15,low_vs_top_defensive,Low(130) vs Bayern — Außenseiter defensiv,Low-Team (130),FC Bayern München,1000,22.3,21.3,56.4,1.029,1.82,2.849,1.043,1.8159,10.27,10.78,47.0,53.0,14.97,15.02,1.41,1.469,1.035,216,200,16,92.59,7.41,498,9,42,1.81
exp_1.15,1.15,top_attacking_vs_low_compact,Bayern vs Low(130) kompakt,FC Bayern München,Low-Kompakt (130),1000,56.1,24.5,19.4,1.735,0.919,2.654,1.7213,0.9518,10.79,9.11,52.0,48.0,14.9,15.39,1.381,1.458,1.035,546,521,25,95.42,4.58,186,9,38,4.84
exp_1.25,1.25,equal_top_vs_equal_top,Bayern vs Bayern,FC Bayern München,FC Bayern München,1000,35.1,26.8,38.1,1.391,1.432,2.823,1.3981,1.3981,10.56,10.56,50.0,50.0,14.97,15.03,1.486,1.437,1.035,347,319,28,91.93,8.07,340,15,44,4.41
exp_1.25,1.25,equal_mid_vs_equal_mid,Mid(150) vs Mid(150),Mid-Team (150),Mid-Team (150),1000,35.5,27.5,37.0,1.327,1.374,2.701,1.3579,1.3579,10.44,10.76,50.0,50.0,15.06,15.03,1.394,1.409,1.035,352,324,28,92.05,7.95,345,19,52,5.51
exp_1.25,1.25,top_vs_mid,Bayern vs Mid(150),FC Bayern München,Mid-Team (150),1000,44.6,24.5,30.9,1.528,1.197,2.725,1.5574,1.219,10.68,10.62,51.0,49.0,14.89,14.94,1.427,1.542,1.035,413,392,21,94.92,5.08,279,12,44,4.3
exp_1.25,1.25,mid_vs_top,Mid(150) vs Bayern,Mid-Team (150),FC Bayern München,1000,29.5,22.7,47.8,1.243,1.673,2.916,1.219,1.5574,10.58,10.93,49.0,51.0,14.78,15.11,1.43,1.427,1.035,299,270,29,90.3,9.7,396,6,38,1.52
exp_1.25,1.25,top_vs_low,Bayern vs Low(130),FC Bayern München,Low-Team (130),1000,58.0,23.8,18.2,1.879,1.042,2.921,1.8624,1.0193,10.98,10.33,53.0,47.0,15.14,14.94,1.466,1.445,1.035,559,531,28,94.99,5.01,199,19,52,9.55
exp_1.25,1.25,low_vs_top_defensive,Low(130) vs Bayern — Außenseiter defensiv,Low-Team (130),FC Bayern München,1000,20.0,21.1,58.9,1.043,1.959,3.002,1.0193,1.8624,10.5,11.11,47.0,53.0,15.0,15.01,1.428,1.407,1.035,201,177,24,88.06,11.94,509,5,37,0.98
exp_1.25,1.25,top_attacking_vs_low_compact,Bayern vs Low(130) kompakt,FC Bayern München,Low-Kompakt (130),1000,55.9,23.4,20.7,1.719,0.959,2.678,1.7613,0.9294,10.79,9.24,52.0,48.0,14.92,15.08,1.479,1.441,1.035,531,510,21,96.05,3.95,206,10,53,4.85
exp_1.35,1.35,equal_top_vs_equal_top,Bayern vs Bayern,FC Bayern München,FC Bayern München,1000,34.7,24.4,40.9,1.338,1.433,2.771,1.4013,1.4013,10.63,10.62,50.0,50.0,14.97,14.88,1.459,1.444,1.035,341,314,27,92.08,7.92,354,13,50,3.67
exp_1.35,1.35,equal_mid_vs_equal_mid,Mid(150) vs Mid(150),Mid-Team (150),Mid-Team (150),1000,37.3,24.6,38.1,1.341,1.38,2.721,1.3579,1.3579,10.54,10.64,50.0,50.0,15.11,15.04,1.394,1.398,1.035,357,340,17,95.24,4.76,345,13,54,3.77
exp_1.35,1.35,top_vs_mid,Bayern vs Mid(150),FC Bayern München,Mid-Team (150),1000,43.0,27.4,29.6,1.513,1.213,2.726,1.5745,1.2085,10.8,10.48,51.0,49.0,14.94,14.98,1.439,1.436,1.035,395,373,22,94.43,5.57,291,14,57,4.81
exp_1.35,1.35,mid_vs_top,Mid(150) vs Bayern,Mid-Team (150),FC Bayern München,1000,31.1,24.7,44.2,1.273,1.609,2.882,1.2085,1.5745,10.84,10.59,49.0,51.0,15.14,14.85,1.388,1.39,1.035,294,266,28,90.48,9.52,400,13,46,3.25
exp_1.35,1.35,top_vs_low,Bayern vs Low(130),FC Bayern München,Low-Team (130),1000,61.0,21.2,17.8,2.024,0.999,3.023,1.9101,0.9962,10.95,10.44,53.0,47.0,14.94,14.87,1.453,1.419,1.035,592,565,27,95.44,4.56,186,18,44,9.68
exp_1.35,1.35,low_vs_top_defensive,Low(130) vs Bayern — Außenseiter defensiv,Low-Team (130),FC Bayern München,1000,20.4,21.3,58.3,0.986,1.871,2.857,0.9962,1.9101,10.33,10.89,47.0,53.0,14.84,15.08,1.403,1.483,1.035,206,185,21,89.81,10.19,515,4,46,0.78
exp_1.35,1.35,top_attacking_vs_low_compact,Bayern vs Low(130) kompakt,FC Bayern München,Low-Kompakt (130),1000,59.8,23.0,17.2,1.839,0.879,2.718,1.8022,0.9074,10.98,8.96,52.0,48.0,14.82,15.45,1.448,1.476,1.035,573,545,28,95.11,4.89,178,20,33,11.24
