scenario_id,scenario_label,home_team,away_team,variant,n,home_win_pct,draw_pct,away_win_pct,avg_home_goals,avg_away_goals,avg_total_goals,avg_home_xg,avg_away_xg,avg_home_shots,avg_away_shots,avg_home_possession,avg_away_possession,avg_home_fouls,avg_away_fouls,avg_home_yellow,avg_away_yellow,avg_home_fatigue_cost,avg_plan_activations,lead_after_80_count,leads_protected_after_80,leads_lost_after_80,lead_protected_pct,lead_lost_pct,trailed_at_60_count,comeback_wins,comeback_draws,comeback_win_pct
equal_top_vs_equal_top,Bayern vs Bayern,FC Bayern München,FC Bayern München,baseline_no_conditions,10000,37.84,25.06,37.1,1.43,1.413,2.843,1.3981,1.3981,10.62,10.59,50.0,50.0,14.97,14.88,1.426,1.41,1.035,0.0,3645,3397,248,93.2,6.8,3404,124,488,3.64
equal_top_vs_equal_top,Bayern vs Bayern,FC Bayern München,FC Bayern München,fluegelspiel,10000,38.27,25.1,36.63,1.445,1.411,2.856,1.4331,1.3981,10.63,10.67,50.0,50.0,14.97,14.97,1.408,1.416,1.035,0.0,3739,3466,273,92.7,7.3,3345,137,479,4.1
equal_top_vs_equal_top,Bayern vs Bayern,FC Bayern München,FC Bayern München,durch_mitte,10000,35.2,25.04,39.76,1.338,1.429,2.767,1.3553,1.3981,10.6,10.59,50.0,50.0,15.02,15.0,1.437,1.411,1.035,0.0,3400,3162,238,93.0,7.0,3589,126,487,3.51
equal_top_vs_equal_top,Bayern vs Bayern,FC Bayern München,FC Bayern München,conditions_full_matchplan,10000,38.64,24.93,36.43,1.422,1.407,2.829,1.4156,1.407,10.8,10.59,50.4,49.6,15.02,15.0,1.402,1.416,1.0495,1.186,3762,3509,253,93.27,6.73,3393,141,544,4.16
equal_top_vs_equal_top,Bayern vs Bayern,FC Bayern München,FC Bayern München,high_press,10000,38.76,24.83,36.41,1.434,1.368,2.802,1.4231,1.3697,10.9,10.6,50.0,50.0,16.41,14.96,1.51,1.419,1.085,0.0,3724,3488,236,93.66,6.34,3342,134,468,4.01
equal_top_vs_equal_top,Bayern vs Bayern,FC Bayern München,FC Bayern München,schlussangriff_like,10000,37.83,24.58,37.59,1.397,1.402,2.799,1.3981,1.3981,10.65,10.65,50.0,50.0,15.01,15.0,1.42,1.421,1.035,0.0,3676,3411,265,92.79,7.21,3391,138,442,4.07
equal_top_vs_equal_top,Bayern vs Bayern,FC Bayern München,FC Bayern München,low_press,10000,35.32,25.45,39.23,1.349,1.419,2.768,1.3806,1.4179,10.47,10.65,50.0,50.0,14.01,15.03,1.351,1.402,1.0,0.0,3488,3194,294,91.57,8.43,3536,117,490,3.31
equal_top_vs_equal_top,Bayern vs Bayern,FC Bayern München,FC Bayern München,zeitspiel_like,10000,37.62,25.39,36.99,1.409,1.401,2.81,1.3981,1.3981,10.7,10.64,50.0,50.0,14.99,14.99,1.429,1.416,1.035,0.0,3672,3411,261,92.89,7.11,3426,125,507,3.65
equal_mid_vs_equal_mid,Mid(150) vs Mid(150),Mid-Team (150),Mid-Team (150),baseline_no_conditions,10000,37.81,25.21,36.98,1.392,1.371,2.763,1.3579,1.3579,10.64,10.57,50.0,50.0,14.93,15.02,1.437,1.428,1.035,0.0,3682,3428,254,93.1,6.9,3375,127,487,3.76
equal_mid_vs_equal_mid,Mid(150) vs Mid(150),Mid-Team (150),Mid-Team (150),zeitspiel_like,10000,37.43,25.63,36.94,1.362,1.349,2.711,1.3579,1.3579,10.56,10.59,50.0,50.0,14.98,14.94,1.425,1.416,1.035,0.0,3645,3390,255,93.0,7.0,3357,113,489,3.37
equal_mid_vs_equal_mid,Mid(150) vs Mid(150),Mid-Team (150),Mid-Team (150),durch_mitte,10000,36.05,25.49,38.46,1.322,1.369,2.691,1.3184,1.3579,10.61,10.66,50.0,50.0,14.94,15.02,1.415,1.456,1.035,0.0,3521,3273,248,92.96,7.04,3489,104,500,2.98
equal_mid_vs_equal_mid,Mid(150) vs Mid(150),Mid-Team (150),Mid-Team (150),high_press,10000,38.69,25.86,35.45,1.391,1.33,2.721,1.3822,1.3303,10.79,10.59,50.0,50.0,16.38,15.07,1.52,1.421,1.085,0.0,3817,3531,286,92.51,7.49,3160,121,477,3.83
equal_mid_vs_equal_mid,Mid(150) vs Mid(150),Mid-Team (150),Mid-Team (150),low_press,10000,36.42,25.45,38.13,1.335,1.391,2.725,1.341,1.3772,10.44,10.62,50.0,50.0,13.93,14.93,1.352,1.45,1.0,0.0,3495,3246,249,92.88,7.12,3492,119,511,3.41
equal_mid_vs_equal_mid,Mid(150) vs Mid(150),Mid-Team (150),Mid-Team (150),schlussangriff_like,10000,37.3,25.24,37.46,1.366,1.374,2.74,1.3579,1.3579,10.6,10.59,50.0,50.0,14.96,14.95,1.418,1.446,1.035,0.0,3623,3365,258,92.88,7.12,3404,127,465,3.73
equal_mid_vs_equal_mid,Mid(150) vs Mid(150),Mid-Team (150),Mid-Team (150),fluegelspiel,10000,38.18,25.24,36.58,1.39,1.369,2.76,1.3902,1.3579,10.6,10.56,50.0,50.0,15.0,14.97,1.42,1.422,1.035,0.0,3716,3461,255,93.14,6.86,3345,127,496,3.8
equal_mid_vs_equal_mid,Mid(150) vs Mid(150),Mid-Team (150),Mid-Team (150),conditions_full_matchplan,10000,37.59,26.59,35.82,1.37,1.349,2.719,1.3745,1.3663,10.77,10.57,50.4,49.6,15.01,15.02,1.453,1.431,1.0492,1.151,3626,3395,231,93.63,6.37,3337,130,562,3.9
equal_low_vs_equal_low,Low(130) vs Low(130),Low-Team (130),Low-Team (130),low_press,10000,35.96,25.93,38.11,1.339,1.387,2.726,1.341,1.3772,10.48,10.62,50.0,50.0,13.95,14.99,1.364,1.414,1.0,0.0,3483,3241,242,93.05,6.95,3431,112,475,3.26
equal_low_vs_equal_low,Low(130) vs Low(130),Low-Team (130),Low-Team (130),zeitspiel_like,10000,37.37,24.89,37.74,1.346,1.367,2.713,1.3579,1.3579,10.52,10.61,50.0,50.0,14.95,14.98,1.398,1.402,1.035,0.0,3640,3373,267,92.66,7.34,3384,128,456,3.78
equal_low_vs_equal_low,Low(130) vs Low(130),Low-Team (130),Low-Team (130),durch_mitte,10000,37.09,25.63,37.28,1.335,1.358,2.693,1.3184,1.3579,10.6,10.57,50.0,50.0,15.0,15.03,1.428,1.406,1.035,0.0,3641,3376,265,92.72,7.28,3339,128,442,3.83
equal_low_vs_equal_low,Low(130) vs Low(130),Low-Team (130),Low-Team (130),high_press,10000,38.57,25.16,36.27,1.396,1.342,2.738,1.3822,1.3303,10.82,10.58,50.0,50.0,16.35,15.02,1.533,1.417,1.085,0.0,3752,3492,260,93.07,6.93,3234,115,449,3.56
equal_low_vs_equal_low,Low(130) vs Low(130),Low-Team (130),Low-Team (130),schlussangriff_like,10000,37.51,25.39,37.1,1.361,1.367,2.728,1.3579,1.3579,10.54,10.59,50.0,50.0,14.95,14.91,1.434,1.451,1.035,0.0,3648,3402,246,93.26,6.74,3325,115,461,3.46
equal_low_vs_equal_low,Low(130) vs Low(130),Low-Team (130),Low-Team (130),baseline_no_conditions,10000,38.08,24.9,37.02,1.361,1.342,2.703,1.3579,1.3579,10.65,10.55,50.0,50.0,15.01,14.97,1.434,1.435,1.035,0.0,3675,3415,260,92.93,7.07,3326,117,456,3.52
equal_low_vs_equal_low,Low(130) vs Low(130),Low-Team (130),Low-Team (130),fluegelspiel,10000,37.13,26.23,36.64,1.375,1.36,2.735,1.3902,1.3579,10.62,10.6,50.0,50.0,15.02,15.01,1.437,1.431,1.035,0.0,3645,3381,264,92.76,7.24,3307,121,475,3.66
equal_low_vs_equal_low,Low(130) vs Low(130),Low-Team (130),Low-Team (130),conditions_full_matchplan,10000,37.96,25.48,36.56,1.398,1.376,2.773,1.375,1.3666,10.81,10.61,50.4,49.6,15.03,15.0,1.448,1.436,1.0496,1.178,3686,3451,235,93.62,6.38,3377,127,511,3.76
top_vs_mid,Bayern vs Mid(150),FC Bayern München,Mid-Team (150),baseline_no_conditions,10000,45.02,24.8,30.18,1.581,1.238,2.82,1.5574,1.219,10.73,10.57,51.0,49.0,15.04,15.0,1.403,1.405,1.035,0.0,4363,4117,246,94.36,5.64,2822,131,497,4.64
top_vs_mid,Bayern vs Mid(150),FC Bayern München,Mid-Team (150),fluegelspiel,10000,46.5,24.49,29.01,1.607,1.214,2.821,1.5993,1.219,10.76,10.48,51.0,49.0,14.99,14.9,1.403,1.406,1.035,0.0,4468,4215,253,94.34,5.66,2706,152,490,5.62
top_vs_mid,Bayern vs Mid(150),FC Bayern München,Mid-Team (150),conditions_full_matchplan,10000,44.67,25.66,29.67,1.561,1.233,2.794,1.5717,1.224,10.79,10.47,51.4,48.6,15.07,14.99,1.442,1.43,1.0464,1.105,4290,4074,216,94.97,5.03,2829,136,503,4.81
top_vs_mid,Bayern vs Mid(150),FC Bayern München,Mid-Team (150),high_press,10000,46.46,25.52,28.02,1.588,1.186,2.774,1.5852,1.1943,10.92,10.51,51.0,49.0,16.4,15.02,1.522,1.433,1.085,0.0,4545,4254,291,93.6,6.4,2642,142,480,5.37
top_vs_mid,Bayern vs Mid(150),FC Bayern München,Mid-Team (150),low_press,10000,44.27,25.48,30.25,1.532,1.228,2.761,1.538,1.2363,10.56,10.49,51.0,49.0,14.0,14.96,1.353,1.429,1.0,0.0,4268,4021,247,94.21,5.79,2761,133,459,4.82
top_vs_mid,Bayern vs Mid(150),FC Bayern München,Mid-Team (150),durch_mitte,10000,43.9,25.28,30.82,1.512,1.22,2.732,1.5061,1.219,10.68,10.46,51.0,49.0,14.94,14.97,1.424,1.422,1.035,0.0,4248,3990,258,93.93,6.07,2878,143,457,4.97
top_vs_mid,Bayern vs Mid(150),FC Bayern München,Mid-Team (150),zeitspiel_like,10000,45.24,24.75,30.01,1.575,1.233,2.808,1.5574,1.219,10.69,10.49,51.0,49.0,15.03,14.94,1.417,1.44,1.035,0.0,4340,4086,254,94.15,5.85,2769,151,463,5.45
top_vs_mid,Bayern vs Mid(150),FC Bayern München,Mid-Team (150),schlussangriff_like,10000,45.35,24.62,30.03,1.558,1.23,2.788,1.5574,1.219,10.7,10.47,51.0,49.0,14.98,15.03,1.441,1.425,1.035,0.0,4362,4119,243,94.43,5.57,2800,153,454,5.46
mid_vs_top,Mid(150) vs Bayern,Mid-Team (150),FC Bayern München,fluegelspiel,10000,30.55,25.24,44.21,1.239,1.548,2.787,1.2456,1.5574,10.53,10.76,49.0,51.0,15.01,14.98,1.434,1.403,1.035,0.0,3000,2729,271,90.97,9.03,3915,101,471,2.58
mid_vs_top,Mid(150) vs Bayern,Mid-Team (150),FC Bayern München,durch_mitte,10000,29.66,25.23,45.11,1.203,1.555,2.758,1.1865,1.5574,10.51,10.74,49.0,51.0,14.94,15.0,1.436,1.444,1.035,0.0,2890,2644,246,91.49,8.51,3985,80,470,2.01
mid_vs_top,Mid(150) vs Bayern,Mid-Team (150),FC Bayern München,schlussangriff_like,10000,30.14,24.49,45.37,1.211,1.543,2.753,1.219,1.5574,10.49,10.71,49.0,51.0,15.02,14.93,1.428,1.405,1.035,0.0,2920,2690,230,92.12,7.88,3999,105,443,2.63
mid_vs_top,Mid(150) vs Bayern,Mid-Team (150),FC Bayern München,baseline_no_conditions,10000,29.63,24.97,45.4,1.213,1.562,2.776,1.219,1.5574,10.5,10.78,49.0,51.0,15.06,15.02,1.413,1.443,1.035,0.0,2888,2643,245,91.52,8.48,3985,96,459,2.41
mid_vs_top,Mid(150) vs Bayern,Mid-Team (150),FC Bayern München,high_press,10000,31.04,24.36,44.6,1.236,1.529,2.765,1.2408,1.5258,10.71,10.67,49.0,51.0,16.4,15.03,1.523,1.43,1.085,0.0,3042,2794,248,91.85,8.15,3936,103,465,2.62
mid_vs_top,Mid(150) vs Bayern,Mid-Team (150),FC Bayern München,zeitspiel_like,10000,30.3,24.34,45.36,1.23,1.57,2.8,1.219,1.5574,10.49,10.77,49.0,51.0,15.01,14.95,1.423,1.447,1.035,0.0,2954,2723,231,92.18,7.82,4045,101,458,2.5
mid_vs_top,Mid(150) vs Bayern,Mid-Team (150),FC Bayern München,low_press,10000,29.1,24.54,46.36,1.197,1.591,2.788,1.2038,1.5795,10.37,10.79,49.0,51.0,14.03,14.92,1.331,1.443,1.0,0.0,2863,2602,261,90.88,9.12,4147,112,479,2.7
mid_vs_top,Mid(150) vs Bayern,Mid-Team (150),FC Bayern München,conditions_full_matchplan,10000,30.24,25.76,44.0,1.248,1.562,2.81,1.2387,1.5713,10.73,10.73,49.3,50.7,15.05,14.89,1.422,1.425,1.0529,1.246,2969,2721,248,91.65,8.35,4007,104,503,2.6
top_vs_low,Bayern vs Low(130),FC Bayern München,Low-Team (130),baseline_no_conditions,10000,57.5,21.74,20.76,1.868,1.02,2.887,1.8624,1.0193,10.92,10.41,53.0,47.0,14.95,15.06,1.445,1.433,1.035,0.0,5499,5284,215,96.09,3.91,2009,147,393,7.32
top_vs_low,Bayern vs Low(130),FC Bayern München,Low-Team (130),conditions_full_matchplan,10000,57.71,22.8,19.49,1.881,1.021,2.901,1.8698,1.0197,10.97,10.42,53.5,46.5,15.05,14.94,1.428,1.43,1.0416,1.031,5532,5338,194,96.49,3.51,1995,177,440,8.87
top_vs_low,Bayern vs Low(130),FC Bayern München,Low-Team (130),high_press,10000,58.92,21.98,19.1,1.905,0.99,2.895,1.8957,0.9987,11.11,10.38,53.0,47.0,16.32,14.95,1.528,1.441,1.085,0.0,5687,5457,230,95.96,4.04,1917,144,402,7.51
top_vs_low,Bayern vs Low(130),FC Bayern München,Low-Team (130),low_press,10000,56.09,22.54,21.37,1.819,1.034,2.853,1.8392,1.0338,10.73,10.39,53.0,47.0,14.02,14.93,1.345,1.422,1.0,0.0,5442,5185,257,95.28,4.72,2078,137,425,6.59
top_vs_low,Bayern vs Low(130),FC Bayern München,Low-Team (130),zeitspiel_like,10000,56.45,22.77,20.78,1.861,1.028,2.889,1.8624,1.0193,10.91,10.37,53.0,47.0,14.97,14.99,1.438,1.436,1.035,0.0,5442,5205,237,95.64,4.36,2072,140,455,6.76
top_vs_low,Bayern vs Low(130),FC Bayern München,Low-Team (130),fluegelspiel,10000,58.72,21.66,19.62,1.906,1.01,2.916,1.9125,1.0193,10.99,10.34,53.0,47.0,14.96,14.98,1.421,1.427,1.035,0.0,5637,5423,214,96.2,3.8,1973,150,402,7.6
top_vs_low,Bayern vs Low(130),FC Bayern München,Low-Team (130),durch_mitte,10000,54.94,23.24,21.82,1.795,1.042,2.837,1.8011,1.0193,10.83,10.41,53.0,47.0,14.9,14.99,1.423,1.427,1.035,0.0,5287,5035,252,95.23,4.77,2170,186,398,8.57
top_vs_low,Bayern vs Low(130),FC Bayern München,Low-Team (130),schlussangriff_like,10000,56.26,23.32,20.42,1.853,1.018,2.871,1.8624,1.0193,10.98,10.41,53.0,47.0,14.92,14.97,1.41,1.421,1.035,0.0,5422,5197,225,95.85,4.15,2032,160,411,7.87
low_vs_top_defensive,Low(130) vs Bayern — Außenseiter defensiv,Low-Team (130),FC Bayern München,high_press,10000,21.38,22.27,56.35,1.039,1.831,2.871,1.0376,1.8246,10.61,10.88,47.0,53.0,16.4,15.03,1.53,1.403,1.085,0.0,2157,1886,271,87.44,12.56,4894,79,399,1.61
low_vs_top_defensive,Low(130) vs Bayern — Außenseiter defensiv,Low-Team (130),FC Bayern München,baseline_no_conditions,10000,20.81,22.28,56.91,1.016,1.853,2.869,1.0193,1.8624,10.37,10.92,47.0,53.0,15.06,14.94,1.415,1.418,1.035,0.0,2088,1848,240,88.51,11.49,4925,87,393,1.77
low_vs_top_defensive,Low(130) vs Bayern — Außenseiter defensiv,Low-Team (130),FC Bayern München,low_press,10000,19.59,22.21,58.2,0.992,1.88,2.873,1.0066,1.8889,10.25,10.97,47.0,53.0,13.98,14.96,1.352,1.419,1.0,0.0,1997,1746,251,87.43,12.57,5079,70,458,1.38
low_vs_top_defensive,Low(130) vs Bayern — Außenseiter defensiv,Low-Team (130),FC Bayern München,fluegelspiel,10000,20.94,23.21,55.85,1.046,1.853,2.899,1.0416,1.8624,10.43,10.91,47.0,53.0,14.99,14.99,1.448,1.408,1.035,0.0,2112,1861,251,88.12,11.88,4947,70,476,1.41
low_vs_top_defensive,Low(130) vs Bayern — Außenseiter defensiv,Low-Team (130),FC Bayern München,schlussangriff_like,10000,21.17,22.1,56.73,1.016,1.85,2.866,1.0193,1.8624,10.44,11.01,47.0,53.0,15.03,15.02,1.421,1.42,1.035,0.0,2118,1896,222,89.52,10.48,4950,66,400,1.33
low_vs_top_defensive,Low(130) vs Bayern — Außenseiter defensiv,Low-Team (130),FC Bayern München,durch_mitte,10000,19.26,22.62,58.12,0.983,1.869,2.852,0.9921,1.8624,10.37,10.92,47.0,53.0,14.97,14.99,1.419,1.415,1.035,0.0,1923,1695,228,88.14,11.86,5081,70,433,1.38
low_vs_top_defensive,Low(130) vs Bayern — Außenseiter defensiv,Low-Team (130),FC Bayern München,zeitspiel_like,10000,20.57,21.98,57.45,1.018,1.87,2.888,1.0193,1.8624,10.41,11.01,47.0,53.0,15.03,14.97,1.435,1.421,1.035,0.0,2047,1814,233,88.62,11.38,5036,90,386,1.79
low_vs_top_defensive,Low(130) vs Bayern — Außenseiter defensiv,Low-Team (130),FC Bayern München,conditions_full_matchplan,10000,19.97,23.42,56.61,1.042,1.902,2.944,1.0418,1.8866,10.69,10.98,47.2,52.8,15.1,14.94,1.463,1.406,1.0585,1.378,1993,1784,209,89.51,10.49,4981,82,497,1.65
top_attacking_vs_low_compact,Bayern vs Low(130) kompakt,FC Bayern München,Low-Kompakt (130),conditions_full_matchplan,10000,57.13,24.05,18.82,1.766,0.926,2.692,1.7678,0.9296,10.86,9.15,52.5,47.5,14.94,15.38,1.435,1.44,1.0413,1.006,5441,5246,195,96.42,3.58,1974,162,484,8.21
top_attacking_vs_low_compact,Bayern vs Low(130) kompakt,FC Bayern München,Low-Kompakt (130),fluegelspiel,10000,57.27,22.79,19.94,1.792,0.946,2.738,1.8087,0.9294,10.83,9.2,52.0,48.0,14.99,15.4,1.409,1.46,1.035,0.0,5523,5301,222,95.98,4.02,1955,127,409,6.5
top_attacking_vs_low_compact,Bayern vs Low(130) kompakt,FC Bayern München,Low-Kompakt (130),baseline_no_conditions,10000,57.06,23.05,19.89,1.758,0.934,2.692,1.7613,0.9294,10.83,9.22,52.0,48.0,15.01,15.38,1.431,1.451,1.035,0.0,5505,5275,230,95.82,4.18,1972,150,429,7.61
top_attacking_vs_low_compact,Bayern vs Low(130) kompakt,FC Bayern München,Low-Kompakt (130),durch_mitte,10000,55.56,23.67,20.77,1.725,0.949,2.674,1.7033,0.9294,10.87,9.18,52.0,48.0,15.0,15.38,1.446,1.46,1.035,0.0,5334,5116,218,95.91,4.09,1999,132,391,6.6
top_attacking_vs_low_compact,Bayern vs Low(130) kompakt,FC Bayern München,Low-Kompakt (130),high_press,10000,58.2,22.98,18.82,1.803,0.92,2.723,1.7928,0.9105,11.07,9.2,52.0,48.0,16.39,15.4,1.516,1.466,1.085,0.0,5588,5377,211,96.22,3.78,1897,139,413,7.33
top_attacking_vs_low_compact,Bayern vs Low(130) kompakt,FC Bayern München,Low-Kompakt (130),low_press,10000,55.81,23.5,20.69,1.723,0.945,2.668,1.7393,0.9425,10.72,9.22,52.0,48.0,14.01,15.39,1.368,1.466,1.0,0.0,5403,5167,236,95.63,4.37,2014,130,402,6.45
top_attacking_vs_low_compact,Bayern vs Low(130) kompakt,FC Bayern München,Low-Kompakt (130),zeitspiel_like,10000,57.73,23.1,19.17,1.799,0.92,2.719,1.7613,0.9294,10.86,9.15,52.0,48.0,14.98,15.39,1.416,1.478,1.035,0.0,5555,5356,199,96.42,3.58,1927,141,407,7.32
top_attacking_vs_low_compact,Bayern vs Low(130) kompakt,FC Bayern München,Low-Kompakt (130),schlussangriff_like,10000,56.81,22.84,20.35,1.765,0.932,2.698,1.7613,0.9294,10.89,9.16,52.0,48.0,15.01,15.3,1.441,1.438,1.035,0.0,5454,5248,206,96.22,3.78,1948,124,368,6.37
